{
  "best_val_loss": 0.2834862768650055,
  "final_val_loss": 0.2834862768650055,
  "latent_dim": 32
}